{"ក": 1, "ខ": 2, "គ": 3, "ឃ": 4, "ង": 5, "ច": 6, "ឆ": 7, "ជ": 8, "ឈ": 9, "ញ": 10, "ដ": 11, "ឋ": 12, "ឌ": 13, "ឍ": 14, "ណ": 15, "ត": 16, "ថ": 17, "ទ": 18, "ធ": 19, "ន": 20, "ប": 21, "ផ": 22, "ព": 23, "ភ": 24, "ម": 25, "យ": 26, "រ": 27, "ល": 28, "វ": 29, "ស": 30, "ហ": 31, "ឡ": 32, "អ": 33, "ឥ": 34, "ឧ": 35, "ឪ": 36, "ឫ": 37, "ឬ": 38, "ឭ": 39, "ឮ": 40, "ឯ": 41, "ឱ": 42, "ា": 43, "ិ": 44, "ី": 45, "ឹ": 46, "ឺ": 47, "ុ": 48, "ូ": 49, "ួ": 50, "ើ": 51, "ឿ": 52, "ៀ": 53, "េ": 54, "ែ": 55, "ៃ": 56, "ោ": 57, "ៅ": 58, "ំ": 59, "ះ": 60, "ៈ": 61, "៉": 62, "៊": 63, "់": 64, "៌": 65, "៍": 66, "៎": 67, "៏": 68, "័": 69, "្": 70, "|": 0, "[UNK]": 71, "[PAD]": 72}